method,1,2,5,6,7,8,10,11,12,13,14,15,16,17,22,23,24,25,26,27,28,29,30,31,32,33,34,35,36,37,38,39,40,41,42,43,44,45,46,47,48,49,50,51,52,53,54,average,Rank
Region-Velocity,,,,,,,,,,,,,,,,,,,,,,,,,,,,,,,,,,,,,,,,,72.367,,,,,,,72.367,30
Tsvelo,15.611,75.091,62.678,57.907,13.433,91.161,,99.705,58.698,97.316,,33.423,75.669,80.457,0.456,82.407,1.694,,78.227,70.705,80.324,75.397,66.804,4.189,,,92.691,,,30.836,87.246,62.127,,99.542,,44.938,0.306,85.100,86.145,,7.100,48.996,80.758,60.000,11.817,90.074,,58.584,29
TIVelo,63.807,36.909,75.627,65.000,65.008,90.944,,94.305,69.915,40.915,28.775,97.584,66.634,81.385,77.736,70.438,73.059,83.708,19.959,28.385,13.788,38.798,2.905,12.814,,6.159,90.437,30.920,,,18.064,78.794,,96.373,,,,4.988,26.506,6.500,80.167,55.823,,,,,,52.739,28
VeloAE,19.192,42.618,69.509,57.907,72.894,64.957,23.067,98.437,21.857,85.672,55.027,96.913,77.567,38.161,21.337,49.300,55.477,,82.385,9.898,0.231,13.660,29.486,48.094,,28.372,0.492,50.979,10.249,13.734,35.013,15.718,43.850,95.246,29.069,62.829,81.844,80.935,75.855,42.080,83.860,81.165,44.347,42.560,15.222,0.167,,46.983,27
veloVI,66.008,53.091,33.877,47.000,78.167,80.716,40.898,33.400,76.743,8.335,35.010,87.409,71.605,66.762,34.742,58.064,40.568,42.071,34.230,49.242,46.092,60.651,60.134,25.885,38.267,3.925,69.262,31.606,50.838,10.662,14.555,63.320,36.815,34.936,24.575,20.444,83.048,27.294,51.783,47.780,67.040,91.566,54.993,47.484,43.646,5.668,47.668,46.763,26
UniTVelo,91.687,58.182,15.254,0.058,83.458,86.768,31.633,42.720,61.903,8.560,35.473,69.664,43.542,28.850,94.453,63.375,53.804,82.525,9.428,41.487,38.926,50.292,26.598,51.923,,36.743,53.620,30.625,55.444,17.041,34.982,54.336,53.610,44.921,37.901,42.540,28.836,86.409,41.928,23.600,59.700,77.108,63.604,59.725,4.434,10.595,39.211,46.249,25
LatentVelo,50.096,96.073,,73.709,21.633,40.217,,79.077,38.136,95.892,18.722,2.470,8.513,95.759,75.350,91.288,30.792,37.976,58.622,17.524,0.034,76.332,80.641,49.307,,41.232,32.117,,41.670,29.806,,74.431,0.505,98.317,36.282,37.411,,48.890,44.867,31.080,1.293,42.369,11.021,47.374,35.333,50.455,,46.065,24
InterVelo,55.664,66.545,24.009,46.640,73.972,70.043,19.899,70.657,75.697,53.720,34.720,67.544,39.452,58.247,55.441,33.865,69.661,79.670,51.952,60.474,50.475,33.409,43.861,32.632,35.818,18.079,23.265,28.963,50.690,25.893,23.477,57.873,37.568,65.172,33.103,38.300,97.258,12.219,1.012,13.260,69.720,43.173,21.845,56.264,75.018,16.551,44.895,45.908,23
DeepKINET,56.000,65.527,41.071,60.198,73.847,81.128,23.521,42.421,80.399,22.657,19.939,76.752,41.539,46.020,,46.187,,,,,,43.652,41.673,40.777,,7.307,45.219,35.594,33.981,24.719,,,36.594,,43.282,37.404,41.553,21.808,22.265,,59.160,,,,53.219,28.336,36.511,43.341,22
GraphVelo,51.804,63.818,46.672,63.488,85.033,88.774,47.610,10.963,78.123,2.127,28.803,82.819,65.232,69.023,18.608,55.984,35.018,43.570,38.773,52.370,14.150,50.793,48.835,42.725,,1.148,49.454,48.095,19.500,15.481,32.431,61.450,29.106,90.942,39.796,39.330,92.920,4.800,3.494,7.100,47.900,44.980,43.567,38.242,43.303,14.171,37.758,43.263,21
scVelo-stochastic,25.852,58.727,49.189,52.384,67.662,50.976,45.937,45.593,57.292,3.180,31.398,96.107,59.720,47.161,64.666,54.349,38.953,54.621,34.639,25.578,18.521,52.491,24.602,39.624,45.226,30.585,58.470,27.454,20.318,35.587,32.379,67.954,30.647,48.782,50.315,36.386,48.578,2.618,27.561,25.100,72.167,34.739,78.622,26.390,44.931,9.559,33.367,42.276,20
GRAVITY,59.834,62.000,,39.535,62.769,50.582,21.781,6.164,,18.945,30.142,67.651,15.232,65.329,64.134,42.838,48.515,50.026,24.035,38.301,30.110,26.440,32.279,47.647,,42.484,,,,,44.820,59.485,,11.044,30.048,38.624,94.032,19.701,39.639,36.500,50.000,,37.810,34.890,61.424,57.787,,42.232,19
DeepVelo,62.414,42.764,36.936,35.256,66.327,54.805,46.316,54.523,36.880,40.150,39.029,73.208,40.926,35.653,19.924,35.409,32.110,62.422,55.361,27.160,36.706,39.187,54.552,45.916,28.300,31.461,38.880,21.707,33.648,26.604,33.149,62.737,28.409,53.891,22.887,23.570,99.648,48.628,27.133,40.300,70.493,42.369,35.468,27.385,58.174,14.539,41.113,42.222,18
k-velo,63.175,52.364,49.052,44.651,52.322,68.655,51.668,,60.268,43.644,54.452,59.195,33.855,43.083,37.690,56.573,16.206,56.789,43.182,18.752,37.253,47.342,24.730,27.039,,34.551,34.768,17.597,19.515,26.349,49.245,61.111,30.275,33.072,,31.696,,54.115,32.004,45.100,61.367,20.482,50.692,32.340,,44.820,,41.977,17
VeloVAE,77.746,35.091,33.594,67.058,62.935,19.924,43.304,95.044,51.792,82.876,49.188,82.309,38.297,53.661,67.781,72.348,33.476,24.624,51.352,30.303,6.164,36.972,5.027,12.724,35.004,31.795,74.135,32.473,24.461,37.389,38.553,50.407,31.276,96.224,44.127,17.220,32.951,24.738,3.470,66.920,5.787,26.546,62.299,24.813,28.455,0.000,40.618,41.771,16
RegVelo,57.672,56.727,74.152,54.360,91.625,,29.580,10.678,,23.101,,76.376,61.187,37.134,34.574,59.843,2.110,42.654,48.753,55.802,55.040,38.575,61.551,,,,,,12.063,16.979,7.548,43.970,,49.648,,,,13.217,,,68.667,,,12.692,,3.810,,41.382,15
scRNAkinetics,22.394,56.000,64.186,32.616,79.768,72.126,55.417,89.934,39.339,80.397,59.196,1.879,16.993,3.406,40.426,34.729,57.478,82.447,2.451,40.463,43.134,34.929,36.410,45.733,,32.463,38.889,8.790,,34.645,8.954,34.621,40.095,91.218,35.178,34.337,94.546,0.062,22.801,38.000,95.300,16.064,,44.572,13.719,0.000,42.972,41.343,14
SvelvetVAE,47.744,49.236,51.520,43.651,19.917,25.315,4.355,12.232,22.760,54.963,77.873,40.832,23.829,54.444,85.334,51.668,12.246,26.873,45.419,51.786,24.226,35.508,79.563,10.037,,16.868,70.519,22.249,71.222,28.870,55.877,26.098,29.295,4.558,67.144,42.286,99.903,17.556,10.819,65.700,65.453,86.908,29.276,64.923,21.462,18.897,33.499,41.320,13
PhyloVelo,42.045,50.182,44.117,43.140,43.118,33.134,34.732,43.138,39.470,37.116,37.455,47.517,,39.328,32.143,42.381,36.217,47.548,40.194,,,,,36.661,33.309,30.585,,31.811,32.438,,51.119,47.696,33.819,49.618,36.797,32.840,36.733,39.900,45.181,42.100,47.433,62.651,52.553,46.484,35.860,42.814,33.400,40.869,12
scVelo-dynamical,21.047,54.909,23.238,57.791,68.657,86.443,39.538,12.899,85.317,6.046,29.863,85.235,65.656,30.545,36.626,54.676,50.747,54.517,44.749,31.399,21.402,64.987,26.521,35.332,,7.411,47.746,32.088,25.625,19.889,29.776,56.030,30.302,43.617,38.339,42.483,6.363,9.102,27.425,32.600,42.567,93.574,66.939,29.118,34.608,33.824,39.915,40.815,11
TopicVelo,,51.455,52.040,69.012,36.028,30.315,33.528,,,31.179,,50.336,39.628,59.651,33.079,,,,53.505,18.752,42.650,37.684,30.574,33.100,,83.333,36.134,35.918,36.915,39.050,32.067,36.247,31.491,36.383,37.006,37.818,31.661,48.834,38.803,27.600,51.100,,,,,,,40.693,10
cellDancer,28.562,41.636,32.071,37.384,54.851,52.440,28.651,49.526,45.716,40.157,31.705,61.745,26.647,44.171,38.982,39.438,52.345,12.158,31.723,48.085,20.552,34.038,44.482,38.363,,13.674,16.120,38.395,43.440,29.026,27.642,58.537,47.482,49.526,48.715,33.580,67.898,54.489,60.843,30.500,63.900,46.185,16.077,28.901,74.925,19.719,51.036,40.349,9
SDEvelo,77.140,50.727,30.680,74.128,70.149,29.121,13.277,1.080,8.829,76.796,31.956,32.886,19.309,32.944,44.453,44.604,54.794,54.027,61.851,28.081,32.271,27.053,30.077,34.466,,12.526,4.372,24.309,34.380,4.428,6.091,54.607,16.780,86.388,45.204,24.241,85.996,87.157,41.342,60.200,17.100,31.727,,51.029,59.604,61.631,41.401,40.249,8
velocyto,48.760,70.111,58.409,65.985,49.290,67.229,51.521,16.868,41.124,2.911,22.637,42.084,14.066,88.778,65.538,33.662,7.191,44.271,37.739,30.227,27.145,28.531,16.174,50.749,,18.632,48.971,25.430,33.408,27.951,28.759,56.997,50.108,17.296,57.021,42.357,63.476,16.260,49.271,27.319,53.668,33.333,77.541,27.560,40.925,17.669,37.468,39.835,7
NeuroVelo,12.735,84.182,16.597,43.837,40.340,31.453,69.854,97.433,14.879,98.213,0.530,75.034,12.100,45.418,76.824,88.162,14.721,45.870,9.878,36.557,47.382,23.629,25.921,60.462,,22.234,15.984,25.559,19.581,32.384,25.039,51.084,16.864,90.810,22.681,28.265,0.000,6.421,55.893,57.800,15.900,99.799,44.402,31.791,58.788,0.134,33.541,39.717,6
TFvelo,40.565,2.762,40.108,71.047,47.430,72.072,21.853,84.727,39.634,75.302,12.169,68.741,26.778,37.179,0.608,37.214,1.225,54.517,83.943,,34.881,40.994,36.521,16.396,,37.996,47.000,,21.445,23.469,33.351,,42.961,61.732,29.245,44.974,71.429,51.309,14.940,9.600,38.800,78.715,30.548,12.692,25.770,7.052,47.377,39.002,5
cell2fate,,32.545,17.294,28.256,82.007,14.805,,,,,34.105,37.181,73.027,15.337,34.574,24.330,64.356,56.169,27.995,42.435,45.743,31.005,,,,36.221,,,,,46.642,76.626,,,,39.570,,,31.596,32.300,67.000,6.627,,,32.057,0.000,,38.141,4
Dynamo,14.081,59.636,23.907,62.035,56.551,81.453,21.721,11.207,24.787,7.122,31.873,86.040,14.905,69.471,30.395,31.262,33.038,58.508,45.242,47.592,46.972,29.363,28.303,45.768,,43.424,40.232,35.759,29.024,19.788,42.166,62.602,43.791,13.174,42.837,35.238,19.770,6.484,23.494,24.200,57.733,60.442,55.276,23.187,41.999,7.620,40.570,37.610,3
STT,61.663,55.636,12.958,47.849,51.741,68.221,13.808,,20.831,11.197,26.709,30.470,18.167,34.687,47.188,49.640,22.173,50.955,7.992,,,41.998,25.501,28.878,,11.169,,25.657,21.488,17.902,31.338,45.257,24.093,,42.103,31.079,42.872,30.798,33.590,35.900,62.500,89.960,,25.655,55.935,20.822,,35.292,2
Pyro-Velocity,27.997,72.909,23.704,3.953,16.667,38.774,40.149,,26.292,,49.260,31.946,48.761,33.104,32.751,54.611,,,,,,16.003,35.030,36.713,,50.522,63.115,,,34.953,,,41.805,,22.068,46.334,5.319,6.858,11.423,,49.133,,,,,28.443,,33.878,1
