Method,10_consecutive-bifurcating_cell1000_gene10000,11_trifurcating_cell1000_gene10000,12_trifurcating_cell1000_gene10000,13_trifurcating_cell1000_gene10000,14_linear-bifurcating_cell10000_gene1000,15_linear-linear_cell10000_gene500,16_bifurcating_cell500_gene500,1_linear-simple_cell1000_gene10000,2_linear-simple_cell10000_gene1000,3_cycle-simple_cell10000_gene1000,4_cycle-simple_cell1000_gene10000,5_bifurcating_cell1000_gene10000,6_bifurcating_cell500_gene10000,7_bifurcating-loop_cell1000_gene10000,8_bifurcating-loop_cell1000_gene10000,9_consecutive-bifurcating_cell500_gene10000,bifurcating-loop_cell100000_gene1000,bifurcating-loop_cell10000_gene1000,bifurcating-loop_cell10000_gene10000,bifurcating-loop_cell10000_gene500,bifurcating-loop_cell1000_gene1000,bifurcating-loop_cell1000_gene10000,bifurcating-loop_cell1000_gene500,bifurcating-loop_cell50000_gene1000,bifurcating-loop_cell500_gene1000,bifurcating-loop_cell500_gene10000,bifurcating-loop_cell500_gene500,bifurcating_cell100000_gene1000,bifurcating_cell10000_gene1000,bifurcating_cell10000_gene10000,bifurcating_cell10000_gene500,bifurcating_cell1000_gene1000,bifurcating_cell1000_gene10000,bifurcating_cell1000_gene500,bifurcating_cell50000_gene1000,bifurcating_cell500_gene1000,bifurcating_cell500_gene10000,bifurcating_cell500_gene500,consecutive-bifurcating_cell100000_gene1000,consecutive-bifurcating_cell10000_gene1000,consecutive-bifurcating_cell10000_gene500,consecutive-bifurcating_cell1000_gene1000,consecutive-bifurcating_cell1000_gene10000,consecutive-bifurcating_cell1000_gene500,consecutive-bifurcating_cell50000_gene1000,consecutive-bifurcating_cell500_gene1000,consecutive-bifurcating_cell500_gene10000,consecutive-bifurcating_cell500_gene500,cycle-simple_cell100000_gene1000,cycle-simple_cell10000_gene1000,cycle-simple_cell10000_gene10000,cycle-simple_cell10000_gene500,cycle-simple_cell1000_gene1000,cycle-simple_cell1000_gene10000,cycle-simple_cell1000_gene500,cycle-simple_cell50000_gene1000,cycle-simple_cell500_gene1000,cycle-simple_cell500_gene10000,cycle-simple_cell500_gene500,disconnected_cell100000_gene1000,disconnected_cell10000_gene1000,disconnected_cell10000_gene10000,disconnected_cell10000_gene500,disconnected_cell1000_gene1000,disconnected_cell1000_gene10000,disconnected_cell1000_gene500,disconnected_cell50000_gene1000,disconnected_cell500_gene1000,disconnected_cell500_gene10000,disconnected_cell500_gene500,linear-simple_cell100000_gene1000,linear-simple_cell10000_gene1000,linear-simple_cell10000_gene10000,linear-simple_cell10000_gene500,linear-simple_cell1000_gene1000,linear-simple_cell1000_gene10000,linear-simple_cell1000_gene500,linear-simple_cell50000_gene1000,linear-simple_cell500_gene1000,linear-simple_cell500_gene10000,linear-simple_cell500_gene500,trifurcating_cell10000_gene1000,trifurcating_cell10000_gene500,trifurcating_cell1000_gene1000,trifurcating_cell1000_gene10000,trifurcating_cell1000_gene500,trifurcating_cell500_gene1000,trifurcating_cell500_gene10000,trifurcating_cell500_gene500,bifurcating-loop_cell1000_gene20000,bifurcating_cell1000_gene20000,consecutive-bifurcating_cell1000_gene20000,cycle-simple_cell1000_gene20000,disconnected_cell1000_gene20000,linear-simple_cell1000_gene20000,trifurcating_cell1000_gene20000,Bursting-tree_vary-all_cells1800_genes2000,Bursting-tree_vary-all_cells2200_genes2500,Bursting-tree_vary-koff_cells1200_genes800,Bursting-tree_vary-koff_cells1500_genes1500,Bursting-tree_vary-kon_cells1500_genes1500,Bursting-tree_vary-kon_cells1500_genes2000,Bursting-tree_vary-s_cells1000_genes500,Bursting-tree_vary-s_cells1200_genes1500,Bursting-tree_vary-s_cells1200_genes800,Bursting-tree_vary-s_cells1500_genes1000,lineage-tracing_rep01,lineage-tracing_rep02,lineage-tracing_rep03,lineage-tracing_rep04,lineage-tracing_rep05,lineage-tracing_rep06,lineage-tracing_rep07,lineage-tracing_rep08,lineage-tracing_rep09,lineage-tracing_rep10,Average,Reversed_rank
Tsvelo,94.1,79.7,79.7,70.7,86.47,83.73,89.2,41.0,85.18,86.41,38.7,95.7,92.2,13.8,49.3,78.2,,62.28,35.43,53.1,56.6,53.8,52.3,,52.0,62.4,47.4,,88.73,85.33,93.41,96.3,71.3,98.3,,98.8,70.0,97.4,,92.7,92.31,72.9,60.0,83.6,,73.0,78.2,65.6,,87.28,43.51,35.03,15.5,94.1,73.3,,23.2,39.0,12.2,,65.01,34.5,73.51,45.3,14.78,73.2,,72.8,29.94,75.0,,84.75,34.39,84.72,83.52,72.56,88.35,,,,,92.67,87.65,81.0,71.2,68.2,89.8,72.4,81.6,50.4,85.0,64.9,97.0,40.1,79.5,78.2,35.11,35.32,43.08,49.6,47.07,51.73,48.7,58.5,64.42,67.87,,,,,,,,,,,66.52,29
InterVelo,59.06,62.22,63.64,81.3,77.28,87.93,87.76,37.3,82.05,94.16,45.88,62.02,39.96,24.4,45.84,35.2,48.68,53.26,39.19,46.1,44.86,19.98,52.32,49.55,49.72,19.36,69.48,72.17,73.41,49.52,84.9,77.12,29.92,86.5,71.95,73.28,33.08,66.8,77.78,74.49,81.81,73.55,70.6,89.36,75.14,72.64,34.12,68.72,17.89,94.16,43.12,76.71,10.96,97.74,87.82,13.31,8.32,35.36,2.08,59.03,46.04,41.71,44.64,32.9,21.64,42.38,46.8,36.68,48.44,36.64,71.7,82.03,40.04,88.38,87.55,85.62,81.02,61.01,81.48,2.44,92.4,78.63,87.21,71.8,68.98,78.96,78.08,68.28,65.96,49.62,80.3,78.18,95.28,36.52,81.02,73.58,66.71,43.95,47.63,51.23,44.19,48.85,54.5,48.25,51.5,51.23,92.0,90.82,93.84,86.98,87.7,87.98,95.73,95.04,91.06,67.66,61.4,28
veloVI,62.64,73.02,72.08,81.96,78.55,84.19,88.08,37.72,82.65,93.8,39.92,67.24,54.68,35.28,55.12,69.28,49.13,48.3,31.43,40.5,43.56,51.24,58.16,42.38,43.8,44.88,60.04,54.77,75.32,75.54,76.68,73.52,43.02,84.32,47.28,61.96,46.72,69.6,58.22,83.85,80.71,83.65,88.44,90.84,41.62,84.84,69.92,68.12,30.1,93.89,34.4,92.93,1.28,97.2,90.52,11.92,4.36,43.56,2.16,37.62,33.65,40.02,29.46,47.76,12.01,30.16,49.02,41.6,39.7,32.2,67.9,81.97,46.29,88.51,80.0,84.9,91.87,69.45,59.14,39.47,88.14,73.59,83.54,76.4,81.66,83.18,89.88,78.4,68.68,48.61,87.98,87.2,95.98,39.8,82.52,87.48,48.32,37.87,49.85,26.0,42.37,40.0,68.52,38.72,54.92,47.72,39.15,7.01,12.22,39.01,42.33,26.13,33.32,46.39,8.48,36.89,57.34,27
TIVelo,31.9,84.7,84.7,75.6,25.02,,73.2,22.0,65.5,47.72,40.7,30.9,94.0,13.4,46.5,47.2,,46.55,35.66,35.4,49.9,47.3,34.8,,35.8,48.8,47.2,,83.78,87.08,28.21,92.6,31.9,87.9,,32.4,28.0,31.0,,94.36,89.02,55.3,45.0,48.1,,84.6,47.2,42.8,,47.71,44.62,45.12,50.5,60.4,59.4,,48.4,47.0,24.8,,,30.86,,64.1,28.62,44.5,,30.8,42.51,16.2,,65.45,58.75,78.68,79.58,69.16,48.18,,73.68,49.04,69.01,92.41,78.08,67.0,73.9,66.2,,89.8,93.4,35.1,51.0,55.2,41.8,51.2,58.8,65.3,50.22,60.64,77.42,88.93,70.6,,70.0,52.25,93.25,80.27,53.16,21.7,59.82,62.46,14.3,51.88,34.56,45.23,23.52,48.33,54.83,26
RegVelo,67.6,68.1,70.3,39.1,55.48,82.22,59.2,,,95.05,40.0,67.3,78.6,27.3,38.5,76.2,,41.55,34.83,42.71,51.3,61.8,43.2,,30.0,24.2,46.8,,68.45,76.9,69.65,58.8,50.4,72.2,,70.2,29.0,61.8,,85.01,87.11,50.7,71.5,65.8,,46.8,91.0,63.2,,90.89,45.95,86.44,17.6,72.7,88.5,,16.6,38.6,1.6,,49.65,45.33,43.58,33.0,15.72,28.8,,37.0,34.13,36.6,,78.34,45.99,74.85,67.28,77.55,68.33,,59.33,8.37,76.51,85.07,81.09,49.4,59.3,47.6,45.0,60.8,59.4,56.8,39.0,47.9,94.9,31.2,54.8,30.7,51.78,65.0,27.42,44.2,44.73,46.2,53.5,55.08,45.5,41.27,,,,,,,,,,,54.53,25
velocyto,68.01,60.16,60.16,71.76,39.69,63.92,70.4,65.93,86.7,96.26,38.4,72.4,29.8,22.5,55.7,79.8,43.63,26.77,28.97,48.16,45.67,11.96,37.94,41.36,40.24,19.11,36.42,71.56,31.26,51.55,46.44,54.17,29.91,82.21,33.54,57.14,24.14,67.4,52.84,18.95,42.97,56.28,60.1,64.92,48.82,55.73,59.15,75.65,20.86,97.06,34.99,91.52,27.34,95.08,55.28,35.28,34.41,38.83,27.57,41.46,30.76,44.64,35.51,52.86,56.6,42.91,45.68,52.62,39.88,42.66,62.11,87.36,42.05,69.83,75.89,85.71,74.51,59.42,83.01,64.49,76.83,48.79,52.84,38.4,58.0,56.6,29.2,50.1,65.39,54.9,84.1,79.3,94.8,45.1,77.6,77.4,70.18,69.07,38.78,48.99,48.19,49.33,55.08,60.22,54.52,56.03,38.64,29.34,41.69,39.42,40.5,51.58,42.77,27.14,34.22,41.23,52.77,24
Dynamo,56.2,31.1,31.1,64.4,69.09,65.75,72.0,76.8,78.32,84.24,39.0,35.3,0.8,22.5,42.4,12.0,44.55,32.28,41.35,41.45,57.4,17.3,38.9,35.78,54.0,22.8,38.2,63.42,41.63,69.79,57.37,52.6,50.0,75.1,63.69,55.0,28.8,70.8,75.82,40.85,47.05,78.4,77.2,72.4,68.11,82.4,12.0,37.0,15.11,84.24,29.27,90.2,10.8,97.0,71.6,13.76,8.0,43.0,20.6,59.41,38.14,31.5,39.5,40.7,0.0,33.8,34.93,47.0,41.02,33.4,74.32,78.32,49.56,54.65,71.59,82.54,89.93,54.45,70.57,2.15,85.47,61.14,62.24,77.6,84.9,79.4,87.8,80.2,47.0,51.5,83.5,82.4,97.6,40.5,80.1,81.4,66.5,65.82,38.75,46.33,51.67,48.33,65.2,52.75,47.0,61.47,19.68,17.53,23.03,36.42,31.13,34.89,48.08,42.83,34.31,35.3,51.6,23
UniTVelo,62.4,73.7,73.7,51.0,53.55,27.93,17.6,41.2,80.35,84.43,42.3,69.8,54.4,34.9,55.3,49.2,47.19,37.44,38.48,34.78,35.4,43.4,41.7,45.85,33.0,41.6,55.0,71.69,44.13,38.69,38.75,52.5,50.4,57.9,67.21,48.8,47.2,48.6,77.82,59.06,59.45,68.4,72.3,30.2,76.32,68.8,49.2,37.0,27.33,90.13,39.73,88.4,11.3,97.0,73.9,20.72,17.4,40.0,5.4,57.04,33.63,41.68,39.77,38.0,28.62,40.5,37.55,39.0,39.82,30.0,66.99,85.88,37.24,77.1,48.95,85.26,55.46,52.18,57.42,33.49,79.18,56.53,62.99,44.5,79.8,44.9,49.4,67.8,44.4,22.68,79.2,67.2,57.8,25.8,10.67,68.8,44.33,40.05,38.58,49.27,40.13,51.47,61.0,47.25,47.08,48.6,73.54,69.82,64.86,62.13,47.25,46.51,63.08,67.3,53.62,31.0,51.17,22
DeepKINET,,,,,,,,,,,,,,,,,,,,,,,,,,,,,,,,,,,83.71,,,,,,,,,,,,,,17.05,,,,,,,10.39,,,,64.34,,,,,,,47.37,,,,73.5,,,,,,,50.4,,,,,,,,,,,,,,,,,,,,,,,,,,,,,,,,,,,,,,,49.54,21
GraphVelo,,,,62.59,87.31,77.21,95.0,42.2,72.65,86.37,40.7,,20.0,40.3,55.3,49.9,41.54,24.24,27.31,27.33,21.0,14.2,37.4,45.12,21.0,6.4,68.4,74.85,52.21,2.98,25.8,47.4,1.0,32.6,70.12,33.0,3.8,67.6,81.89,71.8,74.5,73.8,,78.3,74.26,70.4,,35.6,46.1,85.45,38.27,62.64,13.8,96.5,75.6,22.44,49.2,47.4,1.8,56.03,41.4,41.3,41.42,55.8,28.3,57.3,36.29,38.8,33.23,37.2,,75.97,34.42,83.58,73.31,80.95,69.9,,74.16,28.95,84.75,27.11,86.53,65.06,,73.9,57.4,52.48,0.8,46.2,63.3,63.2,93.4,49.03,58.5,65.6,53.67,57.45,56.42,70.73,19.73,26.13,29.1,29.92,58.33,20.13,10.29,3.72,8.23,6.57,8.23,11.58,19.59,36.5,7.28,44.89,47.0,20
scVelo-stochastic,44.4,38.6,38.6,78.4,48.15,47.93,57.8,42.4,85.17,92.52,40.6,49.8,47.0,38.1,50.7,16.2,43.75,25.25,39.32,39.15,40.5,28.9,31.3,38.11,40.4,26.8,43.6,62.86,44.42,24.25,47.71,40.3,36.7,28.1,46.76,32.6,28.6,21.4,60.34,40.92,44.34,69.3,82.1,72.0,49.29,69.2,10.2,19.6,14.35,92.42,33.9,84.18,12.5,97.4,79.8,19.93,13.6,38.0,6.0,44.55,24.87,40.68,29.04,23.6,12.26,26.9,37.36,30.8,42.81,19.2,67.58,82.73,47.86,46.0,46.37,86.28,60.07,61.31,38.28,31.82,48.18,41.55,43.21,64.5,87.1,69.1,62.8,78.6,6.2,49.8,86.6,83.3,97.9,35.2,75.3,78.2,69.89,78.77,42.58,53.2,46.47,43.53,61.8,52.17,55.75,67.87,19.84,11.91,20.92,19.8,19.88,20.71,26.91,23.98,16.66,36.17,45.98,19
DeepVelo,58.4,66.98,66.98,53.7,57.87,21.98,67.6,72.96,39.78,48.35,40.24,71.8,26.04,19.74,36.6,57.88,36.89,55.22,29.61,41.37,36.06,14.5,24.38,37.12,32.64,6.32,22.12,33.53,44.91,49.12,43.35,49.48,27.76,51.4,26.43,56.6,27.88,36.16,34.55,55.77,46.2,39.36,38.62,68.36,21.34,46.8,57.88,42.48,26.38,48.35,35.02,65.9,34.16,51.18,44.3,35.08,35.28,31.12,39.16,31.39,36.75,43.71,32.5,48.62,82.2,46.26,60.59,45.28,48.68,45.8,47.89,39.78,53.29,42.7,41.45,56.87,60.7,47.37,45.93,72.49,35.84,57.14,50.18,44.38,41.66,47.56,47.0,48.4,40.24,34.66,62.2,59.5,69.06,42.12,52.62,57.44,46.19,49.96,38.43,34.21,43.57,47.36,42.24,44.9,43.68,48.0,60.2,34.03,49.0,43.14,52.0,44.63,82.69,74.91,27.44,42.85,45.32,18
scVelo-dynamical,72.4,59.8,59.8,68.7,69.71,7.02,74.8,33.8,78.42,91.28,40.8,67.5,48.0,28.3,56.7,44.0,47.52,24.68,26.76,21.23,30.2,13.6,30.7,46.81,31.6,20.6,67.8,66.92,16.85,7.46,15.84,31.4,1.4,22.0,54.92,20.8,5.6,65.4,72.65,71.72,63.05,82.4,80.3,50.9,57.85,66.8,50.6,19.8,23.14,90.71,29.0,91.25,4.2,98.3,71.4,19.53,15.0,42.0,1.0,45.59,41.23,39.59,39.89,51.2,9.12,31.8,35.06,17.2,38.92,36.8,0.0,79.33,36.8,76.24,3.08,85.49,32.04,0.0,5.26,23.92,87.41,10.16,59.34,58.6,85.1,48.6,55.8,64.8,3.2,51.21,94.8,90.4,98.3,32.9,78.7,89.1,47.0,45.68,60.75,56.8,40.47,40.2,48.0,34.92,58.25,41.6,12.11,13.64,9.14,33.44,23.73,36.3,52.09,53.04,9.34,61.6,44.72,17
GRAVITY,,,,,,77.32,37.4,40.48,28.36,42.73,,,33.4,,,46.8,33.44,47.1,46.3,45.26,,,,34.75,48.0,,56.0,39.17,59.57,57.95,74.96,,,,38.68,48.6,29.2,60.4,35.69,77.38,71.02,,,,36.22,69.8,46.8,45.6,40.98,42.73,40.52,62.49,,,,41.83,7.8,,7.2,38.43,45.17,38.4,44.27,,,,36.52,39.0,,34.8,42.34,28.36,34.9,77.29,70.23,76.42,74.51,37.39,56.22,,80.87,36.74,76.86,,,,77.6,64.2,50.4,,,,,,,,,,,,,,,,,,11.0,15.87,9.88,11.91,18.56,13.72,25.88,15.83,4.3,25.67,43.61,16
VeloVAE,51.5,43.82,44.38,39.98,68.22,43.11,18.36,32.92,86.21,54.41,41.96,50.7,34.76,34.04,43.74,48.8,32.93,7.8,29.05,48.1,25.68,24.22,24.5,30.7,48.04,29.92,37.0,44.25,36.54,45.66,27.1,30.6,37.38,68.68,56.3,35.08,19.04,93.64,55.82,64.88,60.39,55.9,41.6,65.3,50.08,39.72,41.32,30.44,45.26,53.32,41.79,68.12,28.78,59.22,21.34,39.1,27.44,46.64,44.12,39.22,42.79,42.86,43.36,59.1,32.01,49.89,53.38,49.68,29.04,34.16,48.72,86.17,49.63,84.64,74.71,39.5,8.81,32.8,46.7,29.38,55.4,69.76,34.71,18.98,51.68,44.64,14.6,53.88,63.68,28.28,51.32,39.68,59.76,36.3,68.86,39.55,44.52,49.0,47.53,50.81,44.43,36.27,36.6,51.3,41.03,46.35,20.48,25.39,19.91,24.76,38.0,31.94,35.11,34.38,17.12,44.32,43.07,15
cellDancer,59.4,73.4,73.4,34.6,68.05,51.77,6.8,71.4,44.79,58.31,35.8,60.5,34.6,26.1,56.2,62.4,0.0,43.51,25.95,50.74,35.8,8.0,32.9,0.0,32.4,7.6,30.6,0.0,34.03,38.64,59.79,36.6,35.3,51.9,0.0,38.2,27.4,78.0,0.0,54.27,71.66,35.0,39.8,8.5,0.0,31.8,69.8,46.4,0.0,58.05,42.87,54.13,31.7,80.2,55.3,0.0,35.2,39.4,28.4,0.0,39.81,40.09,41.31,51.5,81.45,48.7,0.0,48.8,54.19,47.4,0.0,59.39,39.6,70.76,37.64,66.78,57.52,0.0,44.26,65.55,53.27,61.41,63.67,9.0,39.7,22.1,11.0,37.8,58.8,48.7,77.9,68.8,92.1,32.4,74.6,56.0,47.83,53.86,35.75,44.6,43.27,20.33,36.3,61.83,37.25,52.13,60.11,54.2,56.14,47.87,50.27,50.06,54.49,50.39,50.76,46.55,42.44,14
LatentVelo,32.8,32.8,32.28,28.92,45.26,68.93,72.88,36.98,93.47,58.09,41.48,43.34,27.92,34.9,53.52,31.92,35.54,36.66,31.14,6.96,27.5,22.48,38.16,35.9,30.0,29.32,37.48,0.0,38.44,29.16,49.38,32.64,31.96,32.26,41.93,22.64,31.64,38.64,41.07,51.54,59.35,53.1,41.64,58.14,37.71,42.52,30.0,40.52,0.0,58.09,41.2,42.9,35.9,44.34,45.08,40.51,38.28,44.28,45.92,41.99,40.2,34.43,44.83,36.24,18.24,41.92,36.16,35.88,31.02,38.44,42.9,93.52,36.65,43.81,40.62,42.74,34.37,37.67,41.15,40.67,25.67,39.41,64.8,37.28,44.08,35.56,33.44,38.92,34.4,49.2,67.7,68.68,58.7,38.48,62.06,65.88,57.76,49.15,38.0,43.03,43.96,53.56,46.84,53.17,50.57,52.84,33.72,31.99,35.55,35.14,35.2,36.98,36.59,37.65,37.08,36.2,41.12,13
Pyro-Velocity,51.2,52.2,52.2,46.8,42.1,54.56,70.8,38.5,67.66,48.63,33.6,37.9,28.6,32.9,32.1,26.8,0.0,51.3,36.23,30.31,23.9,28.3,43.4,30.67,12.4,29.6,21.4,0.0,65.18,27.12,65.92,36.2,46.0,38.3,31.75,56.2,23.4,50.4,0.0,46.64,48.82,48.3,36.4,43.5,30.4,56.4,26.8,66.6,0.0,45.28,41.55,45.97,36.6,53.0,49.4,47.96,41.4,34.0,53.6,0.0,44.06,36.7,39.84,42.2,13.84,51.6,30.96,51.0,36.53,48.6,0.0,67.66,36.21,39.03,81.06,50.34,22.45,36.22,78.95,22.25,4.12,44.78,42.65,50.3,49.6,43.4,48.0,41.4,52.6,19.9,24.3,43.8,42.1,37.7,34.7,36.3,51.78,64.41,39.58,60.07,46.67,47.13,39.8,68.42,41.5,47.67,23.77,21.29,21.46,18.15,15.34,12.24,31.91,17.9,25.38,24.22,38.63,12
SDEvelo,3.5,42.2,42.2,34.6,70.93,49.54,21.2,38.38,9.99,51.66,0.0,19.2,31.6,26.87,38.1,1.8,46.44,51.86,31.1,44.23,27.2,0.0,46.7,47.96,14.8,0.0,42.4,63.81,60.75,55.99,56.19,40.7,0.0,4.4,68.06,35.0,0.0,11.4,77.22,55.99,58.54,10.5,38.0,19.1,70.76,9.0,1.8,1.0,30.99,51.66,43.54,81.64,6.2,77.0,81.4,25.57,13.4,0.0,7.8,58.78,46.82,37.7,34.71,44.1,36.79,46.1,37.02,46.8,0.0,32.0,67.72,9.99,37.99,80.21,34.19,24.38,87.86,51.89,73.92,0.0,86.44,41.04,52.69,10.6,39.4,17.5,15.8,33.2,4.8,27.8,38.3,30.9,38.8,26.4,43.9,20.6,49.0,42.23,48.0,38.07,36.67,57.6,50.9,31.83,56.75,45.73,64.45,24.18,20.75,46.59,45.72,46.34,73.21,61.51,13.56,49.36,37.17,11
cell2fate,50.2,29.9,46.4,23.2,0.0,0.0,70.4,15.5,0.0,0.0,33.2,42.0,20.2,58.7,47.2,38.4,0.0,62.96,0.0,21.49,21.8,21.3,27.3,0.0,29.0,37.0,38.2,0.0,0.0,0.0,16.16,79.3,89.4,75.9,0.0,35.0,59.4,43.4,0.0,7.52,70.67,29.7,56.4,70.8,0.0,61.4,66.2,44.0,0.0,42.77,0.0,86.96,50.2,51.0,37.5,0.0,52.2,41.0,46.0,0.0,0.0,0.0,40.21,48.2,41.82,46.6,0.0,38.6,51.8,44.2,0.0,64.89,0.0,36.74,42.31,54.99,86.41,0.0,30.86,22.49,66.1,0.0,34.44,80.2,79.7,65.5,80.2,13.0,70.0,39.1,53.5,32.4,48.6,29.0,44.8,32.1,65.0,77.32,32.0,30.27,48.2,68.27,63.3,54.67,67.42,65.33,43.41,78.71,59.65,29.43,7.9,4.63,22.7,14.39,7.28,83.63,36.98,10
PhyloVelo,0.0,38.06,38.06,49.45,35.29,34.0,66.2,40.38,36.63,37.95,38.49,44.96,40.41,34.77,36.65,51.03,33.33,33.53,34.47,35.13,34.38,33.94,32.52,34.61,30.43,33.26,27.07,33.27,36.02,32.61,31.79,40.05,37.68,35.62,33.46,38.03,38.41,36.96,0.0,35.99,35.34,38.17,61.22,43.1,0.0,35.36,51.03,0.0,33.54,37.95,34.47,36.8,39.18,38.13,39.98,34.76,39.91,40.96,39.2,32.87,31.73,33.57,32.08,31.18,26.52,37.25,,35.86,28.57,31.12,33.53,36.63,33.16,34.37,46.89,45.28,37.18,33.45,48.12,46.4,44.5,36.09,33.84,50.92,50.17,46.72,54.04,61.41,41.24,31.61,56.71,35.03,45.71,37.38,49.27,37.53,50.89,51.18,40.25,38.67,47.33,45.8,42.4,48.92,49.92,45.07,64.28,13.89,13.68,17.24,18.77,15.5,14.06,16.74,15.34,14.59,36.4,9
TFvelo,50.9,19.4,19.4,47.5,32.61,36.23,44.8,66.4,26.19,22.77,42.2,37.6,12.4,18.7,31.6,37.8,0.0,27.08,39.49,52.47,32.9,16.2,19.2,32.86,27.6,16.8,22.2,0.0,26.66,33.83,26.33,39.0,18.4,48.8,54.61,30.6,15.2,54.6,0.0,42.51,21.74,23.1,44.3,67.2,50.22,43.2,25.6,18.2,0.0,22.79,39.82,39.56,23.6,50.3,59.7,37.86,29.6,32.6,66.0,0.0,31.87,0.0,22.92,39.0,60.69,59.5,40.82,68.8,39.22,69.4,0.0,26.41,35.86,49.45,52.28,24.83,70.39,50.96,63.88,74.88,38.74,21.56,31.73,41.1,44.8,61.2,42.6,42.8,12.0,24.7,42.7,25.1,59.6,37.2,55.8,36.1,39.56,49.91,41.17,14.13,43.0,34.47,67.1,43.08,48.92,26.07,20.13,15.05,7.11,8.47,32.45,49.24,48.7,15.38,24.93,51.18,35.33,8
NeuroVelo,31.0,45.2,45.2,45.1,57.7,29.71,20.4,24.7,9.27,44.12,40.7,30.2,16.2,29.2,43.8,32.0,43.26,49.69,38.26,55.77,21.9,38.6,44.3,36.15,15.0,27.2,37.2,43.64,58.68,1.93,93.0,1.6,27.6,23.6,39.2,14.6,29.0,72.0,48.43,53.85,15.61,9.0,16.4,15.5,29.56,14.4,28.2,77.6,45.66,40.55,40.98,51.51,33.3,47.7,49.5,49.37,54.0,42.0,56.4,48.56,42.67,26.53,43.94,38.1,39.31,50.5,34.32,23.0,29.94,44.4,36.65,85.04,34.2,82.41,0.25,85.6,74.76,38.59,3.83,35.65,21.79,66.23,68.04,21.9,4.6,24.7,3.4,7.6,38.2,55.1,51.7,7.3,42.1,25.4,5.6,33.8,42.22,42.23,36.67,23.73,67.8,50.27,38.8,39.25,28.17,63.2,4.8,3.56,3.8,0.29,7.19,0.41,0.0,24.97,2.15,6.45,34.81,7
k-velo,0.0,0.0,0.0,0.0,0.0,0.0,0.0,0.0,0.0,0.0,0.0,0.0,0.0,0.0,0.0,0.0,45.2,52.17,34.23,47.64,42.7,0.0,47.9,43.72,43.2,0.0,50.0,76.28,39.86,0.0,22.61,36.7,0.0,23.2,68.85,0.0,0.0,31.6,80.77,38.12,41.86,61.2,60.6,45.9,74.3,57.2,42.0,52.8,40.42,86.56,43.2,80.63,29.0,97.8,64.5,27.43,0.0,0.0,14.8,58.9,38.4,38.42,39.1,31.8,0.0,40.0,38.37,31.8,0.0,0.0,64.45,64.53,31.83,58.71,32.1,86.73,58.98,53.02,0.0,0.0,53.51,38.49,38.35,38.8,52.5,35.7,37.8,47.4,34.8,49.0,68.5,66.5,95.2,25.8,80.5,66.6,40.78,48.91,27.25,43.6,43.47,14.8,29.1,49.08,21.08,41.47,32.24,34.93,34.81,31.75,20.63,24.43,23.69,34.52,17.69,6.57,34.16,6
VeloAE,38.34,40.2,43.58,45.78,2.6,5.0,0.32,30.26,41.26,56.49,41.48,43.64,29.6,34.0,31.08,37.4,33.02,48.51,33.77,10.73,14.36,10.7,40.3,22.65,14.52,3.6,36.36,26.62,3.69,3.83,0.74,2.44,10.3,0.24,13.36,7.2,2.6,2.96,7.15,14.68,24.48,48.07,32.7,2.7,14.59,43.74,42.32,0.36,44.86,53.59,45.92,61.99,35.84,60.12,64.78,54.53,32.2,42.1,72.12,25.41,29.89,45.53,40.11,29.6,57.36,36.42,35.65,28.48,0.0,34.56,40.67,38.26,34.45,41.79,53.38,42.27,89.27,30.12,82.73,64.75,85.38,0.66,1.15,38.4,32.2,45.86,64.04,32.36,1.16,28.81,48.4,69.87,50.5,50.08,72.46,52.2,49.57,49.47,42.85,24.72,47.64,41.96,31.0,44.27,39.1,53.4,2.23,3.16,5.94,15.25,52.49,37.98,45.37,2.38,44.23,61.16,33.71,5
SvelvetVAE,,,,,,,,,,,,,,,,,27.64,,,,,,,36.51,,,,34.59,,,,,,,28.06,,,,27.42,,,,,,33.74,,,,33.31,,,,,,,35.86,,,,29.93,,,,,,,32.66,,,,34.91,,,,,,,38.22,,,,,,,,,,,,,,,,,,,,,,,,,,,,,,,,,,,,,,,32.74,4
STT,41.4,31.3,31.3,60.5,52.12,66.05,0.0,0.0,58.67,85.78,43.79,47.9,42.6,64.29,44.0,37.8,0.0,62.16,0.0,60.16,44.7,20.69,45.3,0.0,33.2,0.0,47.0,0.0,0.0,0.0,0.0,0.0,0.0,40.7,0.0,29.0,0.0,47.2,0.0,51.82,57.41,50.1,62.1,30.9,0.0,49.0,36.0,29.4,0.0,85.78,0.0,76.96,16.5,98.7,62.4,0.0,14.8,34.59,14.4,0.0,40.21,0.0,45.81,0.0,35.22,0.0,34.72,0.0,0.0,0.0,0.0,61.25,50.06,64.94,44.28,90.48,45.87,0.0,40.67,0.0,53.03,51.26,51.63,0.0,48.3,51.8,34.6,39.2,0.0,28.57,15.6,0.0,0.0,37.9,0.0,29.34,41.67,51.59,0.0,23.73,20.2,19.73,46.3,38.42,35.17,38.0,21.41,0.0,20.43,16.99,0.0,23.07,22.82,0.0,22.7,26.25,29.07,3
scRNAkinetics,9.3,9.4,8.8,7.0,24.01,7.94,27.8,49.55,0.04,57.39,44.8,10.7,24.4,28.73,56.2,26.6,0.0,49.39,0.0,0.0,17.6,13.2,25.4,0.0,14.6,45.4,17.8,0.0,34.47,0.0,0.0,23.9,39.7,13.7,0.0,18.4,22.0,39.4,0.0,21.84,0.0,28.1,22.3,34.3,46.25,17.0,19.8,0.0,39.92,57.23,0.0,0.0,38.6,23.8,54.2,39.28,35.8,41.6,0.0,0.0,27.39,0.0,28.75,36.7,24.21,27.7,0.0,38.2,40.12,0.0,58.0,0.02,37.61,5.37,2.83,56.8,5.22,51.62,3.83,0.0,0.0,21.74,0.0,31.0,8.7,42.1,27.0,33.6,0.0,31.0,3.9,19.8,49.8,27.9,34.6,12.4,50.39,44.64,37.5,60.4,65.47,65.73,40.7,35.92,30.33,36.47,78.83,70.9,74.04,34.39,61.97,50.81,29.56,7.57,71.64,18.77,26.22,2
TopicVelo,0.0,0.0,0.0,0.0,0.0,0.0,0.0,0.0,0.0,0.0,0.0,0.0,0.0,0.0,0.0,0.0,0.0,33.67,28.28,31.75,0.0,0.0,0.0,0.0,0.0,0.0,0.0,0.0,44.17,0.0,55.1,0.0,0.0,60.08,0.0,0.0,0.0,0.0,36.13,0.0,19.1,76.26,55.1,0.0,35.89,60.08,0.0,0.0,37.39,35.89,36.13,0.0,0.0,22.12,0.0,0.0,0.0,0.0,0.0,49.18,34.5,37.39,45.69,0.0,0.0,0.0,30.29,0.0,0.0,0.0,,30.29,49.18,52.83,41.45,45.69,52.52,0.0,0.0,0.0,0.0,,,63.06,52.83,55.74,52.52,41.45,,31.08,33.67,44.07,19.1,0.0,34.5,25.56,0.0,0.0,40.58,40.07,33.33,11.27,59.9,0.0,0.0,0.0,0.0,0.0,0.0,0.0,0.0,0.0,31.08,31.75,0.0,28.28,16.66,1
