Method,1_linear-simple_cell1000_gene10000,2_linear-simple_cell10000_gene1000,3_cycle-simple_cell10000_gene1000,4_cycle-simple_cell1000_gene10000,5_bifurcating_cell1000_gene10000,6_bifurcating_cell500_gene10000,7_bifurcating-loop_cell1000_gene10000,8_bifurcating-loop_cell1000_gene10000,9_consecutive-bifurcating_cell500_gene10000,10_consecutive-bifurcating_cell1000_gene10000,11_trifurcating_cell1000_gene10000,12_trifurcating_cell1000_gene10000,13_trifurcating_cell1000_gene10000,14_linear-bifurcating_cell10000_gene1000,15_linear-linear_cell10000_gene500,16_bifurcating_cell500_gene500,Bursting-tree_vary-all_cells1800_genes2000,Bursting-tree_vary-all_cells2200_genes2500,Bursting-tree_vary-koff_cells1200_genes800,Bursting-tree_vary-koff_cells1500_genes1500,Bursting-tree_vary-kon_cells1500_genes1500,Bursting-tree_vary-kon_cells1500_genes2000,Bursting-tree_vary-s_cells1000_genes500,Bursting-tree_vary-s_cells1200_genes1500,Bursting-tree_vary-s_cells1200_genes800,Bursting-tree_vary-s_cells1500_genes1000,lineage-tracing_rep01,lineage-tracing_rep02,lineage-tracing_rep03,lineage-tracing_rep04,lineage-tracing_rep05,lineage-tracing_rep06,lineage-tracing_rep07,lineage-tracing_rep08,lineage-tracing_rep09,lineage-tracing_rep10,bifurcating-loop_cell500_gene500,bifurcating-loop_cell500_gene1000,bifurcating-loop_cell500_gene10000,bifurcating-loop_cell1000_gene500,bifurcating-loop_cell1000_gene1000,bifurcating-loop_cell1000_gene10000,bifurcating-loop_cell1000_gene20000,bifurcating-loop_cell10000_gene500,bifurcating-loop_cell10000_gene1000,bifurcating-loop_cell10000_gene10000,bifurcating-loop_cell50000_gene1000,bifurcating-loop_cell100000_gene1000,bifurcating_cell500_gene500,bifurcating_cell500_gene1000,bifurcating_cell500_gene10000,bifurcating_cell1000_gene500,bifurcating_cell1000_gene1000,bifurcating_cell1000_gene10000,bifurcating_cell1000_gene20000,bifurcating_cell10000_gene500,bifurcating_cell10000_gene1000,bifurcating_cell10000_gene10000,bifurcating_cell50000_gene1000,bifurcating_cell100000_gene1000,consecutive-bifurcating_cell500_gene500,consecutive-bifurcating_cell500_gene1000,consecutive-bifurcating_cell500_gene10000,consecutive-bifurcating_cell1000_gene500,consecutive-bifurcating_cell1000_gene1000,consecutive-bifurcating_cell1000_gene10000,consecutive-bifurcating_cell1000_gene20000,consecutive-bifurcating_cell10000_gene500,consecutive-bifurcating_cell10000_gene1000,consecutive-bifurcating_cell50000_gene1000,consecutive-bifurcating_cell100000_gene1000,cycle-simple_cell500_gene500,cycle-simple_cell500_gene1000,cycle-simple_cell500_gene10000,cycle-simple_cell1000_gene500,cycle-simple_cell1000_gene1000,cycle-simple_cell1000_gene10000,cycle-simple_cell1000_gene20000,cycle-simple_cell10000_gene500,cycle-simple_cell10000_gene1000,cycle-simple_cell10000_gene10000,cycle-simple_cell50000_gene1000,cycle-simple_cell100000_gene1000,disconnected_cell500_gene500,disconnected_cell500_gene1000,disconnected_cell500_gene10000,disconnected_cell1000_gene500,disconnected_cell1000_gene1000,disconnected_cell1000_gene10000,disconnected_cell1000_gene20000,disconnected_cell10000_gene500,disconnected_cell10000_gene1000,disconnected_cell10000_gene10000,disconnected_cell50000_gene1000,disconnected_cell100000_gene1000,linear-simple_cell500_gene500,linear-simple_cell500_gene1000,linear-simple_cell500_gene10000,linear-simple_cell1000_gene500,linear-simple_cell1000_gene1000,linear-simple_cell1000_gene10000,linear-simple_cell1000_gene20000,linear-simple_cell10000_gene500,linear-simple_cell10000_gene1000,linear-simple_cell10000_gene10000,linear-simple_cell50000_gene1000,linear-simple_cell100000_gene1000,trifurcating_cell500_gene500,trifurcating_cell500_gene1000,trifurcating_cell500_gene10000,trifurcating_cell1000_gene500,trifurcating_cell1000_gene1000,trifurcating_cell1000_gene10000,trifurcating_cell1000_gene20000,trifurcating_cell10000_gene500,trifurcating_cell10000_gene1000
cell2fate,0.842305801,0,0,0.823749093,0.939194338,0.948314977,0.854985659,0.985836652,0.947378893,0.93441166,0.988248015,0.887675558,0.989630395,0,0,0.968893311,0.882217343924075,0.602674703746123,0.842784986699108,0.36183510195965,0.46150979770082,0.46806913904978,0.749057194174225,0.839935419044316,0.749689714892631,0.61452012485279,0.730611794,0.870800929,0.62737265,0.894669539,0.810163551,0.902368189,0.689826605,0.868609249,0.91305703,0.949936263,0.985889537,0.927058085,0.765579752,0.91444993,0.906856871,0.483815239,0.983499295,0.86654247,0.763787616,0,0,0,0.920607769,0.953109563,0.763019038,0.926814314,0.959455974,0.519353847,0.986131662,0.65873229,0,0,0,0,0.965757055,0.989377104,0.929479759,0.94732734,0.984679838,0.976706347,0.995341698,0.835869239,0.5579425,0,0,0.928228765,0.979049063,0.793209574,0.913997341,0.940561044,0.983476424,0.98556346,0.963754749,0.997465426,0,0,0,0.966285126,0.950426327,0.801641677,0.892754384,0.910233657,0.777188634,0.934813441,0.540822366,0,0,0,0,0.906670765,0.978040869,0.875339341,0.909537136,0.940655572,0.972189839,0.993529451,0.813658078,0.644859687,0,0,0,0.949594077,0.992243883,0.983542692,0.872038036,0.924420922,0.992284966,0.986190269,0.511540059,0
cellDancer,0.007321472,0.887881439,0.909933643,0.009721457,0.065772528,0.022762609,0.007655778,0.850291351,0.092610247,0.059708629,0.069373009,0.069373009,0.818801375,0.092690832,0.159119319,0.700752072,0.969954430138199,0.969629223083737,0.981535133918925,0.976463809380671,0.982761494690068,0.974154103606302,0.970218366526136,0.964331275915622,0.968957756799602,0.973297800429245,0.008196121,0.013606442,0.012786824,0.704865208,0.563800423,0.604445698,0.720689563,0.741073348,0.643547655,0.51536519,0.102642653,0.086405977,0.00782613,0.150322507,0.071397607,0.006494179,0.624178056,0.087570854,0.062494532,0.02696766,0,0,0.146032752,0.073618909,0.01049521,0.137898386,0.073620525,0.007548703,0.580608651,0.105717147,0.066450473,0.01539298,0,0,0.105666755,0.593460955,0.093448889,0.707345349,0.602934882,0.64087507,0.600156418,0.085168136,0.091504622,0,0,0.09176498,0.077672183,0.006456861,0.117101665,0.068981433,0.598893796,0.597558015,0.149877726,0.911014532,0.020449638,0,0,0.149144875,0.128436817,0.01078585,0.132503038,0.102288955,0.015325452,0.062684188,0.159376885,0.112191225,0.017646445,0,0,0.159763117,0.080582916,0.001248843,0.103797448,0.065545653,0.65397876,0.629322364,0.151304573,0.886889518,0.018742358,0,0,0.113406645,0.636871741,0.645207753,0.655239342,0.66735178,0.649830032,0.60202284,0.104900933,0.067882251
DeepVelo,0.30434709,0.952527841,0.998269238,0.278140473,0.883338611,0.653612972,0.356212598,0.996330403,0.935007121,0.949850138,0.935938942,0.839704377,0.996760951,0.708367308,0.918629103,0.948423373,0.99368346374522,0.989493040577326,0.948199156480395,0.959765609136348,0.981906603084064,0.998278281460657,0.898105435888817,0.988437004888689,0.880294365413724,0.838198684420535,0.883326195,0.913332744,0.820923361,0.896978905,0.901151232,0.883184151,0.838746412,0.828541642,0.850456191,0.793220041,0.943280997,0.8118507,0.400555824,0.938861117,0.852669267,0.359142968,0.998559339,0.912224483,0.722048362,0.225029974,0.769570308,0.805561886,0.948727161,0.880905362,0.356212478,0.951472422,0.807706097,0.320224644,0.999559113,0.82409457,0.578992257,0.31535142,0.79685834,0.994924465,0.960600225,0.959462138,0.88058696,0.979693035,0.979017176,0.996810429,0.999435992,0.860356937,0.667604846,0.79132915,0.790455168,0.932680683,0.858604451,0.358159228,0.909300601,0.783100851,0.991879985,0.998014208,0.907315007,0.998396797,0.20377464,0.674405754,0.66722618,0.967314659,0.9435924,0.405662239,0.945388866,0.899831166,0.329940446,0.912052084,0.931147589,0.73811669,0.220698681,0.473215934,0.809839938,0.906529282,0.754330543,0.337017782,0.841707448,0.798447677,0.991751235,0.998847324,0.945402852,0.998781385,0.228526266,0.603505465,0.654012684,0.866259164,0.994664734,0.995652965,0.997268983,0.998150193,0.996330873,0.982178847,0.851776812,0.607344141
InterVelo,0.222070028,0.924276025,0.776428873,0.231155075,0.501244176,0.3520521,0.230709256,0.827636774,0.624247121,0.660091872,0.524148028,0.522340687,0.875473888,0.377282529,0.51373386,0.915527977,0.971319918034921,0.954759703255819,0.909982485933424,0.911235062446043,0.960373851227619,0.965932171287443,0.9600274268007,0.948823791058319,0.935698822434442,0.907714197541587,0.307691894,0.329994704,0.347471941,0.389889801,0.376830256,0.420704361,0.455609525,0.475131165,0.46284293,0.49251042,0.508790633,0.448075443,0.273625846,0.512821792,0.412955272,0.248730308,0.764995622,0.550655436,0.40507645,0.199337496,0.503359075,0.585420645,0.495245847,0.511072263,0.256031059,0.521820341,0.420778318,0.23448582,0.75463435,0.426637612,0.325196043,0.28884263,0.495969647,0.549220941,0.538070354,0.915542868,0.613423977,0.910279612,0.89529744,0.848269197,0.844099757,0.395688527,0.316580858,0.530962288,0.547669214,0.495800686,0.431229627,0.250568273,0.509733194,0.378745064,0.854153973,0.709957328,0.530981971,0.776597265,0.206576832,0.431995357,0.486200373,0.635846991,0.501310008,0.269984879,0.576168018,0.472580555,0.237751019,0.651296383,0.515775781,0.381007546,0.218770457,0.329594153,0.569259134,0.373343773,0.2909302,0.246780909,0.354348163,0.291667926,0.86013495,0.927081095,0.599488415,0.92397281,0.303322809,0.375004224,0.455734635,0.392701838,0.898870445,0.854216525,0.903164473,0.901939885,0.790242961,0.786758243,0.419048463,0.257327166
k-velo,0,0,0,0,0,0,0,0,0,0,0,0,0,0,0,0,0.994058607858878,0.989737240632522,0.966096201534987,0.991363570298978,0.989742905314573,0.980946627979675,0.993728349816202,0.991409531811478,0.989506279059844,0.991226485655628,0.998037154,1.000000000000000,0.995766528,0.9957532,0.940214527,0.966208215,0.998790193,0.92307948,0.871181383,0.915155294,0.17631376,0.331741927,0,0.367664912,0.563031576,0,0.95976849,0.210812809,0.181133316,0.131804729,0.350280898,0.375922046,0.296822374,0,0,0.244118895,0.403439772,0,0.953925853,0.208788896,0.067307916,0,0.342501846,0.361510102,0.238415733,0.920972217,0.144837062,0.843528564,0.867139422,0.778930219,0.933635105,0.13937652,0.076579739,0.365096606,0.352318178,0.319900304,0,0,0.552430673,0.552974688,0.788465649,0.956509874,0.317012239,0.773625352,0.118018464,0.255576275,0.257386004,0,0.162957668,0,0.451959394,0.160817271,0,0.131856134,0.37102974,0.243161482,0.278042795,0.004111069,0.388924015,0.190284783,0,0,0.180916232,0.610698547,0.687653407,0.95331793,0.181923255,0.923580066,0.138679153,0.244331964,0.270319705,0.215916198,0.923648387,0.778668008,0.914926281,0.877209374,0.723363425,0.955788236,0.10065728,0.036403114
LatentVelo,0.997689435,0.998765045,0.993702002,0,0.997753634,0.997326733,0,0.999617882,0.995520353,0.995748819,0.994587318,0.993287534,0.999728575,0.999616676,0.999889377,0.999819462,0.999693519288279,0.999139562441306,0.999856266269935,0,0,0.999980134128146,0.999117704587259,0.999434569679094,0.998951400177009,0.999485730413665,0.99893083,0.998652886,0.998515092,0.998860937,0.999445286,0.999234989,0.999580346,0.999526973,0.999568097,0.99962787,0.998438164,0.995596024,0,0.999130695,0.99697773,0,0.999725287,0.99962454,0.999652455,0.999877287,0,0,0.991963236,0.997049854,0,0.994237107,0.997376078,0,0.999519754,0.99891061,0.999621567,0.999274458,0,0,0.997108824,0.999520344,0.996246321,0.999321856,0.999892638,0.999676179,0.99994763,0.999521125,0.999688215,0,0,0.99238825,0.990044327,0,0.99643455,0.997752707,0.999170663,0.999521336,0.999192252,0.993702002,0.99995803,0,0,0.997177734,0.998033321,0,0.998614584,0.998792744,0.999052402,0.998958966,0.999293488,0.999649821,0.999838578,0,0,0.98865683,0.993916772,0,0.99391287,0.998717605,0.999663098,0.999464218,0.998602823,0.998765045,0.999886817,0,0,0.991960032,0.999516302,0.999778911,0.999849817,0.999873399,0.999292022,0.998819375,0.999813046,0.999948959
NeuroVelo,0.996719706,0.999957153,0.999962386,0.996983474,0.996523353,0.996290321,0.996287683,0.999988655,0.995069443,0.996317982,0.996899963,0.996899963,0.999992902,0.999784384,0.999978062,0.999972228,0.999981720305375,0.999970266413243,0.999724017137921,0.999723212546289,0.999622573237965,0.999978499110546,0.999369021282103,0.999672210247256,0.999836239136233,0.99960902244025,0.999753673,0.999663624,0.999560913,0.999571185,0.999683616,0.999399655,0.999724428,0.999511565,0.999614715,0.999776834,0.994108948,0.989857953,0.997651959,0.996913086,0.993344443,0.997256769,0.999990333,0.999995558,0.999957842,0.999509617,0.999946905,0.999852386,0.997243809,0.990685617,0.997700063,0.997837524,0.99468569,0.997459334,0.999989325,0.999951622,0.999731844,0.997129329,0.999919455,0.999792818,0.996900674,0.99998335,0.994467285,0.999986357,0.999987488,0.999993704,0.999992042,0.999940988,0.999865369,0.999894759,0.999896174,0.994157756,0.98806544,0.996612958,0.995632416,0.990348658,0.999973131,0.999987919,0.999970507,0.999965475,0.999473811,0.999249294,0.999901427,0.9956839,0.994487053,0.997019155,0.998174313,0.996768126,0.997036695,0.996756215,0.999951974,0.999820353,0.998671687,0.999952469,0.99996153,0.994463041,0.99121525,0.996651284,0.995643319,0.993740703,0.999979006,0.999992687,0.999986697,0.999974771,0.999316074,0.999923943,0.999899862,0.99557269,0.999979531,0.999970446,0.999986106,0.99997433,0.999989545,0.999983042,0.999950187,0.999681304
Pyro-Velocity,0.258919693,0.61419329,0.348433198,0.28851264,0.225838712,0.325447034,0.283727414,0.348835996,0.216354216,0.506306741,0.361875734,0.361875734,0.3797257,0.395619635,0.4138929,0.199746639,0.796404805626913,0.787166644704397,0.853991754118064,0.752116785438933,0.762576417300007,0.731319765153678,0.700579207352093,0.801554882150578,0.81668953925589,0.782845533663934,0.57298808,0.514173073,0.620055602,0.674800401,0.666657172,0.4054766,0.760482099,0.653014223,0.438247941,0.832119378,0.309287411,0.24648662,0.293349589,0.317198503,0.295117978,0.250133978,0.281882241,0.287186205,0.345187049,0.389748311,0,0,0.297378164,0.241951966,0.251629334,0.363056674,0.403158713,0.272413967,0.306884252,0.3061298,0.357453252,0.256141959,0,0,0.39126875,0.437432262,0.216354216,0.515002299,0.398694494,0.302060914,0.286145555,0.481921611,0.452178582,0,0,0.221619663,0.186609247,0.293138973,0.212689449,0.241598908,0.325301476,0.314775132,0.330997004,0.371093861,0.509880017,0,0,0.265206325,0.333607001,0.260660289,0.365815074,0.295579135,0.295035942,0.27483173,0.366250154,0.323938963,0.285674295,0,0,0.277191208,0.199550306,0.28677061,0.217183855,0.245126744,0.216981094,0.293489745,0.317886532,0.61419329,0.567923967,0,0,0.468782087,0.404709291,0.330919825,0.306183791,0.379520215,0.43692716,0.322148358,0.452888963,0.485699601
scRNAkinetics,0.001176299,0.425818816,0.328240706,0,0.112818795,0.003754318,0.00387947,0.311186834,0.052128931,0.05374517,0.086445997,0.090937515,0.083448074,0.101160421,0.136092121,0.137228671,0.990465876093258,0.979979007356285,0.964615630358415,0.992850675693173,0.99040659185307,0.990421133511034,0.964795845412371,0.976278422786508,0.964110236210581,0.974832463042028,0.842865762,0.820756118,0.834128971,0.670502921,0.842913204,0.815130121,0.414943373,0.616368866,0.916582362,0.847162285,0.196858846,0.125109579,0.098641285,0.139120421,0.076853818,0.049551375,0.285819454,0,0.319309843,0,0,0,0.013488286,0.046140897,0.109956812,0.073415277,0.066060647,0.063378935,0.15511825,0,0.066551019,0,0,0,0,0.114122544,0.134597939,0.088345826,0.135756438,0.140416745,0.078391247,0,0.063534652,0,0,0,0.118803753,0.132956737,0.11644277,0.072082734,0.242197677,0.278103041,0,0.318563396,0,0,0,0,0.154635502,0.143924792,0.321599506,0.076786873,0.105881417,0.249378264,0.180337047,0.159103697,0,0,0,0.420290394,0.398484711,0,0.575907917,0.406391266,0.398424581,0.079349045,0.633615119,0.423231609,0.083016309,0,0,0,0.094991896,0.186221448,0.188120991,0.109849676,0.076706586,0.094497539,0,0.060542354
scVelo dynamical,0.833770819,0.995128214,0.970519255,0.746288306,0.857796276,0.769341124,0.777686178,0.909061743,0.914281011,0.89548533,0.818766927,0.818766927,0.922340134,0.884197989,0.955245879,0.918036783,0.988097290139198,0.985869617417417,0.980151972062524,0.981209216994609,0.990740953971078,0.98416108938585,0.991938775043772,0.992891574276581,0.990424726762218,0.991701268813382,0.990023018,0.986011877,0.978471051,0.972637499,0.953020198,0.968787703,0.961783702,0.963698792,0.987698082,0.986214409,0.863320569,0.883483097,0.818992896,0.882758911,0.815009108,0.818022903,0.900082648,0.913533982,0.952632244,0.783848155,0.941073396,0.957469529,0.947260645,0.941126418,0.77705598,0.917248232,0.928254123,0.798680675,0.892585082,0.93170986,0.892605569,0.785131652,0.948082878,0.907878361,0.890092883,0.830791795,0.881220263,0.946665045,0.895055286,0.871388747,0.787801516,0.817626079,0.761269698,0.97604397,0.951218608,0.894984522,0.895888886,0.855459483,0.881143569,0.833156541,0.870219369,0.91902352,0.847861876,0.970002002,0.791102361,0.924599691,0.927927103,0.939360806,0.926392713,0.772315216,0.912851882,0.928352235,0.727546089,0.824635602,0.915317874,0.885593592,0.801251884,0.560201536,0.978651887,0.883345714,0.903896801,0.878806266,0.925287371,0.889823545,0.862960228,0.83290184,0.887930662,0.994473699,0.759265561,0,0,0.880893238,0.913112791,0.892245765,0.876276803,0.935145029,0.796432598,0.814895926,0.862392287,0.890118968
scVelo stochastic,0.258810832,0.969739331,0.96451876,0.193853495,0.551523203,0.30423254,0.221393859,0.853397349,0.659858257,0.654347287,0.579150233,0.579150233,0.925351784,0.372578071,0.421460126,0.806385183,0.96602563237953,0.889499507078991,0.48003541614611,0.56366697377896,0.705160961341145,0.788250563082614,0.838088190035213,0.950576236972645,0.884250725093382,0.842370025203023,0.702850437,0.790897842,0.850339645,0.745904298,0.687469339,0.811027912,0.863485479,0.777231835,0.829266742,0.703516621,0.489920661,0.521594695,0.204627157,0.515933062,0.452713144,0.23993594,0.845820927,0.434398985,0.38987314,0.179357958,0.498743671,0.615594312,0.525467992,0.551387691,0.216694243,0.446024311,0.440608388,0.188202875,0.813766846,0.344007566,0.370834183,0.256505416,0.521397635,0.49254625,0.625753806,0.886803052,0.586119019,0.864670415,0.9113297,0.883531179,0.856126895,0.354217771,0.309213729,0.527157086,0.56910301,0.528400306,0.491684715,0.30520155,0.555285387,0.477388982,0.871366398,0.891679763,0.432181452,0.965363107,0.195215452,0.438765976,0.510428217,0.647426359,0.536993001,0.195956227,0.554576302,0.457244339,0.207463706,0.600941309,0.436282623,0.373711349,0.213912216,0.36891711,0.575304366,0.375507084,0.310810008,0.230094464,0.310847043,0.350998888,0.858419865,0.905685717,0.405304867,0.968993508,0.220150382,0.383700621,0.451608433,0.461767731,0.912191742,0.897056574,0.899335265,0.913635909,0.854251365,0.800836145,0.318985334,0.309159084
SDEvelo,0.995394158,0.996921126,0.996807279,0,0.495995215,0.556666087,0.832944441,0.99493613,0.558448607,0.887353838,0.53902708,0.53902708,0.998646774,0.733199798,0.930201119,0.919187974,0.997306031529406,0.996752646945426,0.997768906620381,0.998221079480928,0.998937414586578,0.998942140785512,0.996137809513248,0.996543169837418,0.99487643158619,0.995513279294688,0.595094438,0.662391013,0.828957141,0.597270397,0.570925876,0.799038942,0.829474767,0.838779402,0.670002868,0.889849352,0.513806297,0.473122808,0,0.671837274,0.392138827,0,0.900759116,0.422764557,0.590111008,0.99664925,0,0,0.538448527,0.571436255,0,0.477654174,0.660583398,0,0.976036852,0.936443351,0.656134326,0.830037642,0.815934119,0.996626079,0.715168602,0.997168179,0.558448607,0.916493761,0.996621404,0.996361887,0.98113149,0.615977911,0.362809656,0,0,0.535784221,0.486173274,0,0.414638092,0.507162507,0.98462664,0.816437898,0.562664174,0.996807279,0.991875255,0,0,0.884463681,0.68766928,0,0.650309087,0.5707513,0.592330995,0.762514254,0.966132621,0.960859367,0.967085308,0,0,0.39062229,0.264460671,0,0.36008978,0.629070543,0.991941,0.948355355,0.291124034,0.996921126,0.992818115,0,0,0.450561694,0.994143518,0.995180557,0.994129095,0.996105521,0.993968779,0.965263002,0.371343296,0.529557519
STT,0,0.901284097,0.863884015,0,0.416541562,0.724313123,0,0.878814969,0.45068987,0.650923329,0.269858612,0.269858612,0.771097582,0.609911734,0.608475273,0,0.981034016715293,0.982605106799196,0,0.956570321131144,0.870623412853605,0.909647950005552,0.974421801297462,0.977953686583133,0.970737981987264,0.97076728838829,0.873056443,0,0.825077815,0.799926692,0,0.794200276,0.805197304,0,0.848457878,0.847511694,0.542169767,0.455078768,0,0,0.352408007,0,0.311490763,0.330873998,0.188313801,0,0,0,0.383825619,0.219726288,0,0.306369194,0,0,0.446885816,0,0,0,0,0,0.511195037,0.876332954,0.464016506,0.90863877,0.843722289,0.878613918,0,0.462424526,0.426022759,0,0,0.594880456,0.367547365,0,0.549168344,0.44901898,0.931081757,0,0.474606552,0.863884015,0,0,0,0,0,0,0,0,0,0.602417898,0.673372195,0.619285223,0,0,0,0.17173657,0.0337409,0,0.058655993,0.201860217,0.881252386,0,0.460625138,0.879977465,0,0,0,0,0.821605341,0.81880442,0.874949629,0,0.853689034,0.536439393,0.271199073,0.235021243
TFvelo,0.331468771,0.998201337,0.999157407,0.445722158,0.963001824,0.66511726,0.491537796,0.999096959,0.981286358,0.967399933,0.977092422,0.977092422,0.999808284,0.91888897,0.942938493,0.998635763,0.996131703775824,0.997080086810337,0.98143611529378,0.971729202373401,0.995863169157767,0.993033006263752,0.994907408244877,0.996421916246237,0.995621107277795,0.995375845292095,0.804211195,0.767116922,0.812545404,0.739044952,0.708701811,0.897253928,0.739887333,0.68653444,0.818723974,0.937633707,0.890921544,0.907708882,0.014454404,0.970303179,0.914343305,0.389654136,0.998124951,0.936357843,0.904914131,0.998523587,0.929867011,0,0.997853561,0.91777619,0.339961532,0.938879386,0.916403336,0.57548392,0.998713121,0.951175168,0.90527353,0.98858878,0.950494526,0,0.978046671,0.999564429,0.99649596,0.998714987,0.999946163,0.999805549,0.999719977,0.978893459,0.979950881,0.950420664,0,0.935473504,0.904878259,0.215867425,0.936061022,0.906293246,0.997982027,0.983174232,0.976378421,0.999160354,0.99356327,0.953940477,0,0.944458147,0.86202377,0.331739543,0.950905029,0.901710352,0.524328085,0.927490556,0.931105298,0.935029802,0,0.888427418,0,0.906984278,0.736268826,0.268654847,0.928192455,0.813239692,0.993468419,0.997239799,0.957120278,0.998249641,0.991601443,0.877270329,0,0.921512044,0.996954084,0.99360937,1.000000000000000,0.997604231,0.996796066,0.997491477,0.980469385,0.940795931
TopicVelo,0,0,0,0,0,0,0,0,0,0,0,0,0,0,0,0,0,0,0.915345168972209,0.553520333098344,0.68452261683176,0.682544797769321,0.919657554158769,0,0,0,0,0,0,0,0,0,0,0,0,0,0,0,0,0,0,0,0.836339693,0.434785782,0,0.190409677,0,0,0,0,0,0,0,0,0.715488936,0,0,0,0,0,0,0.898918478,0,0,0.913655081,0.884367537,0.756396261,0,0,0,0,0,0,0,0,0,0.867896405,0.899267243,0,0.961075649,0.204881983,0,0,0,0,0,0,0,0,0,0,0,0.236900299,0,0,0,0,0,0,0,0.853108932,0.843112185,0,0.961239658,0.223569578,0,0,0,0.90170467,0.880164213,0.904613046,0.892283967,0.851940561,0.672098702,0,0
UniTVelo,0.074152387,0.972626952,0.898218418,0.105841067,0.262273174,0.154071724,0.110597416,0.885463147,0.383689354,0.430353907,0.233955386,0.233955386,0.939766071,0.30866656,0.397460911,0.787736487,0.977377627213722,0.987739946850821,0.730021955138223,0.996896287349909,0.999263021744155,0.998537812360281,0.970827320897799,0.983726024787048,0.798743023029589,0.898904979517865,0.227964393,0.189825916,0.007047988,0.81004727,0.007774795,0.008632416,0.006424339,0.290965145,0.007952985,0.699337734,0.258489647,0.193371692,0.119758826,0.404974212,0.189073558,0.193161426,0.985797873,0.222877348,0.244898539,0.085535645,0.472549432,0.558594412,0.279363012,0.394837344,0.123099757,0.330231088,0.28704763,0.166641979,0.998307523,0.336656648,0.206187482,0.083286962,0.479010914,0.461275394,0.312338428,0.736260243,0.383689354,0.767663682,0.703543646,0.674913545,0.998721441,0.142738357,0.150189213,0.52448607,0.531424068,0.352342836,0.222430054,0.099577475,0.396740335,0.310673889,0.740079705,0.990098766,0.290691489,0.905631636,0.091014135,0.354563989,0.40534154,0.54522146,0.447361466,0.101676649,0.368744026,0.297510309,0.189001726,0.955994349,0.38531825,0.29139442,0.095164129,0.330007755,0.554876648,0.22360298,0.15903057,0.118618123,0.261997117,0.180850313,0.653827193,0.996884931,0.32915411,0.983774103,0.103103612,0.332946049,0.380098895,0.171531971,0.81725996,0.673202993,0.771358193,0.777662274,0.571318862,0.995638108,0.146263357,0.124595293
VeloAE,0,0.999632188,0.999695178,0,0.999672943,0,0,0.999282997,0.999394005,0.999676496,0.999938906,0.999955747,0.999120396,0.999989606,0.999663886,0.999431582,0.999381715138209,0.998746266721873,0.998954072452807,0.999332739581797,0.999876389984755,0.99995143576748,0.996772698270717,0.998305590188204,0.997464007923079,0.999300819073283,0.999811907,0.999742844,0.999851277,0.996269826,1.000000000000000,0.999959749,0.995606258,0.999854577,0.999838713,0.985134674,0.999912268,0.999358215,0,0.999184147,0.999625603,0,0.999996507,0.999968591,0.999959381,0.999993474,0.999963125,0.999936218,0.999196482,0.998278835,0,0.999119856,0.999661325,0,0.999999561,0.999940989,0.999895086,0.999996161,0.99997046,0.99989351,0.999950498,0.998339681,0.999860868,0.999705846,0.999737936,0.99985641,0.998062322,0.999943512,0.999979864,0.999945726,0.999893036,0.999983843,0.998317677,0,0.999597231,0.999267875,0.994230774,0.999997553,0.999548457,0.999804722,0.999998096,0.999918773,0.999863113,0.999842407,0.999994893,0,0.99999317,0.999987148,0,0.999947229,0.999789207,0.999914311,0.999998059,0.99975019,0.999849773,0.999974671,0.99999425,0,0.999993585,0.999989634,0.998126602,0.999999088,0.999846838,0.999313907,1.000000000000000,0.999949161,0.999786509,0.999991567,0.999293813,0.999660586,0.999172358,0.998865616,0.999674834,0.999999766,0.999580346,0.999989965
velocyto,0.023279209,0.996571432,0.995980474,0.031741749,0.125600146,0.036835507,0.036177429,0.447483316,0.156916614,0.128666235,0.113163885,0.113163885,0.36779416,0.677868702,0.86798773,0.446505095,0.904450886227335,0.295177329389953,0.23267027721946,0.189350553891566,0.189504636121254,0.711546514807679,0.37519712410612,0.469867934584798,0.401050870573031,0.340942438847519,0.495050728,0.59829656,0.622791879,0.679568057,0.631144728,0.667660952,0.768456138,0.65127088,0.572293541,0.704229172,0.142018139,0.10628296,0.046115244,0.140396674,0.081003226,0.030153219,0.26975754,0.85804877,0.335368224,0.992264223,0.883362152,0.932788488,0.177689104,0.102426826,0.04164898,0.126612353,0.096471518,0.030423261,0.230618324,0.548739559,0.706675755,0.331519391,0.887385557,0.89575193,0.186775834,0.551915074,0.133827222,0.449125367,0.541887125,0.490351282,0.231818845,0.380018056,0.456992614,0.892008676,0.904965564,0.151258495,0.101858952,0.064648221,0.106903267,0.083939396,0.507509586,0.307118214,0.900986171,0.996478328,0.989503294,0.844095918,0.887887353,0.233793926,0.170443754,0.031023313,0.18102605,0.141385786,0.016334311,0.217099769,0.954021416,0.705464027,0.876469653,0.351474775,0.904540967,0.129559739,0.089137991,0.070641381,0.074456456,0.05685311,0.52014226,0.251000997,0.746868406,0.995447356,0.987163713,0.7428462,0.884819683,0.157516308,0.550198083,0.469518261,0.514661832,0.539106903,0.470618313,0.21941631,0.95266790,0.544689544
VeloVAE,0.797987498,0.996339707,0.997369618,0.340587141,0.900382533,0.523575439,0.359287954,0.981022221,0.903231533,0.823563191,0.898178038,0.822681287,0.982234747,0.902204356,0.994932861,0.987164176,0.999246963802941,0.996828924576652,0.703038327685013,0.975665942625424,0.98764480372895,0.989262563426731,0.996967240770004,0.998081621337191,0.991382196526671,0.998397565643253,0.948265616,0.712685241,0.587721707,0.89889975,0.517186932,0.449305515,0.47092373,0.626290388,0.622915973,0.818727418,0.980604404,0.983537036,0.888192552,0.964112532,0.963105815,0.82254879,0.984046124,0.99409237,0.983345656,0.974687852,0.852781236,0.920796974,0.975503926,0.950433382,0.886528488,0.976944499,0.921216739,0.323571349,0.953348763,0.925001039,0.92577968,0.955303605,0.95827811,0.985283009,0.987814195,0.995469636,0.892789265,0.988374144,0.99375686,0.976609632,0.980245238,0.923020778,0.982670343,0.953248954,0.82502778,0.995151196,0.931913792,0.274078675,0.903691686,0.827210952,0.865046315,0.983613142,0.985093744,0.996572627,0.976054481,0.803047489,0.853244913,0.962303325,0.771494071,0.918849507,0.928964521,0.804271299,0.401943159,0.756558447,0.945763339,0.947780011,0.942800723,0.900889083,0.9842592,0.901995458,0.908909265,0.889300164,0.991372146,0.916350927,0.907984636,0.994686548,0.991778457,0.996852031,0.975955044,0.969699087,0.963694074,0.914332708,0.977607989,0.950614334,0.975434306,0.992352928,0.941326973,0.959253651,0.905497094,0.70300184
veloVI,0.322665345,0.982607886,0.980677919,0.827799246,0.76537465,0.598555445,0.547819248,0.890413334,0.874457034,0.900526162,0.746840779,0.752485496,0.906625239,0.745603343,0.898739841,0.917869132,0.938622456246805,0.939922830100544,0.919781173572323,0.93278382455142,0.935007102916926,0.929280299118579,0.909208097670643,0.93037746632658,0.942256492291584,0.953227718810414,0.717334718,0.642169632,0.703490375,0.720340841,0.740939363,0.730250044,0.776229727,0.752742442,0.768879584,0.8852453,0.797497559,0.747375164,0.256265311,0.835144259,0.714167459,0.378579934,0.915380925,0.870438652,0.794517506,0.977904104,0.947810299,0.96499078,0.812831174,0.737825125,0.185935985,0.76874302,0.775003367,0.279459378,0.920467179,0.821902248,0.737901077,0.497415108,0.954520543,0.940687549,0.897913755,0.884882244,0.764337061,0.927652198,0.915485521,0.907637886,0.861755067,0.789901634,0.631342019,0.956708557,0.955955608,0.78246615,0.695155782,0.241490757,0.836131603,0.757710644,0.860931308,0.902090834,0.906402748,0.980122239,0.969176015,0.922136776,0.949031596,0.86505352,0.867189429,0.191395371,0.848323905,0.771266603,0.501978916,0.775318569,0.890707531,0.795848143,0.954958357,0.600953427,0.956468599,0.717482379,0.464509405,0.311481053,0.778118532,0.583865183,0.89800388,0.954175736,0.925445669,0.981165794,0.981556867,0.915263239,0.930861693,0.620072063,0.889376402,0.822876275,0.907558776,0.937600771,0.86667479,0.82407877,0.788826341,0.788308778
